{"cameraMode":{"drawMode":0,"name":"Shaded","section":"Shading Mode"},"sceneLighting":true,"audioPlay":false,"sceneViewState":{"showFog":false,"showMaterialUpdate":false,"showSkybox":false,"showFlares":false,"showImageEffects":false,"showParticleSystems":false},"in2DMode":false,"pivot":{"x":5.010000228881836,"y":-1.5099999904632569,"z":5.730000019073486},"rotation":{"x":-0.058699797838926318,"y":0.051173292100429538,"z":-0.00304149417206645,"w":-0.9970059990882874},"size":2.828869104385376,"orthographic":false}