{"cameraMode":{"drawMode":0,"name":"Shaded","section":"Shading Mode"},"sceneLighting":true,"audioPlay":false,"sceneViewState":{"showFog":false,"showMaterialUpdate":false,"showSkybox":false,"showFlares":false,"showImageEffects":false,"showParticleSystems":false},"in2DMode":false,"pivot":{"x":1.9702215194702149,"y":5.654705047607422,"z":2.3642048835754396},"rotation":{"x":-0.07214787602424622,"y":0.913093626499176,"z":-0.18491269648075105,"w":-0.3562704622745514},"size":4.041658401489258,"orthographic":false}