{"cameraMode":{"drawMode":0,"name":"Shaded","section":"Shading Mode"},"sceneLighting":false,"audioPlay":false,"sceneViewState":{"showFog":false,"showMaterialUpdate":false,"showSkybox":false,"showFlares":false,"showImageEffects":false,"showParticleSystems":false},"in2DMode":false,"pivot":{"x":-4.217000484466553,"y":2.130000114440918,"z":-0.21449384093284608},"rotation":{"x":-0.35791531205177309,"y":-0.29585903882980349,"z":0.12067694962024689,"w":-0.8774235844612122},"size":18.015132904052736,"orthographic":false}