{"cameraMode":{"drawMode":0,"name":"Shaded","section":"Shading Mode"},"sceneLighting":true,"audioPlay":false,"sceneViewState":{"showFog":false,"showMaterialUpdate":false,"showSkybox":false,"showFlares":false,"showImageEffects":false,"showParticleSystems":false},"in2DMode":false,"pivot":{"x":-4.940000057220459,"y":5.010000228881836,"z":-5.710000038146973},"rotation":{"x":-0.04827230051159859,"y":-0.029679693281650544,"z":0.0014230023371055723,"w":-0.9984393119812012},"size":10.0,"orthographic":false}