{"cameraMode":{"drawMode":0,"name":"Shaded","section":"Shading Mode"},"sceneLighting":true,"audioPlay":false,"sceneViewState":{"showFog":false,"showMaterialUpdate":false,"showSkybox":false,"showFlares":false,"showImageEffects":false,"showParticleSystems":false},"in2DMode":false,"pivot":{"x":230.7212677001953,"y":-7207.56396484375,"z":76.78617858886719},"rotation":{"x":-0.006307043135166168,"y":-0.03271185979247093,"z":0.00019408490334171802,"w":-0.9994910955429077},"size":17.99889373779297,"orthographic":false}