{"cameraMode":{"drawMode":0,"name":"Shaded","section":"Shading Mode"},"sceneLighting":false,"audioPlay":false,"sceneViewState":{"showFog":true,"showMaterialUpdate":false,"showSkybox":false,"showFlares":true,"showImageEffects":true,"showParticleSystems":true},"in2DMode":false,"pivot":{"x":-4.574027061462402,"y":0.4269179701805115,"z":-0.5440354347229004},"rotation":{"x":-0.011606400832533837,"y":0.9784547686576843,"z":-0.19814854860305787,"w":-0.05731736496090889},"size":4.041658401489258,"orthographic":false}