{"cameraMode":{"drawMode":0,"name":"Shaded","section":"Shading Mode"},"sceneLighting":false,"audioPlay":false,"sceneViewState":{"showFog":false,"showMaterialUpdate":false,"showSkybox":false,"showFlares":false,"showImageEffects":false,"showParticleSystems":false},"in2DMode":false,"pivot":{"x":-9.522378921508789,"y":-34.41536331176758,"z":60.429527282714847},"rotation":{"x":0.23799078166484834,"y":-0.014270715415477753,"z":0.0035035719629377128,"w":0.9712110757827759},"size":57.05816650390625,"orthographic":false}