{"cameraMode":{"drawMode":0,"name":"Shaded","section":"Shading Mode"},"sceneLighting":true,"audioPlay":false,"sceneViewState":{"showFog":false,"showMaterialUpdate":false,"showSkybox":false,"showFlares":false,"showImageEffects":false,"showParticleSystems":false},"in2DMode":false,"pivot":{"x":-0.6363263726234436,"y":-8.076528549194336,"z":-15.052701950073243},"rotation":{"x":0.013416788540780545,"y":0.8893659114837647,"z":-0.45625221729278567,"w":0.02615320309996605},"size":20.8634033203125,"orthographic":false}