{"cameraMode":{"drawMode":0,"name":"Shaded","section":"Shading Mode"},"sceneLighting":false,"audioPlay":false,"sceneViewState":{"showFog":false,"showMaterialUpdate":false,"showSkybox":false,"showFlares":false,"showImageEffects":false,"showParticleSystems":false},"in2DMode":false,"pivot":{"x":-3.8930485248565676,"y":1.4172215461730958,"z":3.5808327198028566},"rotation":{"x":-0.14974826574325562,"y":0.007693840190768242,"z":-0.001198682701215148,"w":-0.988747775554657},"size":8.416168212890625,"orthographic":false}