{"cameraMode":{"drawMode":0,"name":"Shaded","section":"Shading Mode"},"sceneLighting":true,"audioPlay":false,"sceneViewState":{"showFog":false,"showMaterialUpdate":false,"showSkybox":false,"showFlares":false,"showImageEffects":false,"showParticleSystems":false},"in2DMode":false,"pivot":{"x":-29.56378173828125,"y":-12.358356475830079,"z":7.085134506225586},"rotation":{"x":0.2429082989692688,"y":-0.3899458646774292,"z":0.1074160560965538,"w":0.8817649483680725},"size":13.154982566833496,"orthographic":false}