{"cameraMode":{"drawMode":0,"name":"Shaded","section":"Shading Mode"},"sceneLighting":false,"audioPlay":false,"sceneViewState":{"showFog":false,"showMaterialUpdate":false,"showSkybox":false,"showFlares":false,"showImageEffects":false,"showParticleSystems":false},"in2DMode":false,"pivot":{"x":-3.9320125579833986,"y":0.5481443405151367,"z":-0.46840333938598635},"rotation":{"x":0.0039002816192805769,"y":0.9893701076507568,"z":-0.14285437762737275,"w":0.02701263688504696},"size":7.423678874969482,"orthographic":false}