{"cameraMode":{"drawMode":0,"name":"Shaded","section":"Shading Mode"},"sceneLighting":false,"audioPlay":false,"sceneViewState":{"showFog":false,"showMaterialUpdate":false,"showSkybox":false,"showFlares":false,"showImageEffects":false,"showParticleSystems":false},"in2DMode":false,"pivot":{"x":-4.743243217468262,"y":-1.7427442073822022,"z":-3.971550941467285},"rotation":{"x":-0.10618768632411957,"y":-0.825933575630188,"z":0.16595833003520966,"w":-0.5283190011978149},"size":7.766955375671387,"orthographic":false}