{"cameraMode":{"drawMode":0,"name":"Shaded","section":"Shading Mode"},"sceneLighting":false,"audioPlay":false,"sceneViewState":{"showFog":false,"showMaterialUpdate":false,"showSkybox":false,"showFlares":false,"showImageEffects":false,"showParticleSystems":false},"in2DMode":false,"pivot":{"x":-3.8580000400543215,"y":0.5839999914169312,"z":0.6859999895095825},"rotation":{"x":-0.35791531205177309,"y":-0.29585903882980349,"z":0.12067694962024689,"w":-0.8774235844612122},"size":1.028760552406311,"orthographic":false}