{"cameraMode":{"drawMode":0,"name":"Shaded","section":"Shading Mode"},"sceneLighting":false,"audioPlay":false,"sceneViewState":{"showFog":false,"showMaterialUpdate":false,"showSkybox":false,"showFlares":false,"showImageEffects":false,"showParticleSystems":false},"in2DMode":false,"pivot":{"x":-2.444241762161255,"y":0.7163344025611877,"z":-1.4429359436035157},"rotation":{"x":-0.012022462673485279,"y":-0.9743191003799439,"z":0.2187005579471588,"w":-0.05321560800075531},"size":2.9703264236450197,"orthographic":false}