{"cameraMode":{"drawMode":0,"name":"Shaded","section":"Shading Mode"},"sceneLighting":true,"audioPlay":false,"sceneViewState":{"showFog":false,"showMaterialUpdate":false,"showSkybox":false,"showFlares":false,"showImageEffects":false,"showParticleSystems":false},"in2DMode":false,"pivot":{"x":-22.460567474365236,"y":11.759626388549805,"z":3.8678619861602785},"rotation":{"x":-0.3242468237876892,"y":-0.6647329330444336,"z":0.39605098962783816,"w":-0.544276773929596},"size":13.608266830444336,"orthographic":false}