{"cameraMode":{"drawMode":0,"name":"Shaded","section":"Shading Mode"},"sceneLighting":true,"audioPlay":false,"sceneViewState":{"showFog":false,"showMaterialUpdate":false,"showSkybox":false,"showFlares":false,"showImageEffects":false,"showParticleSystems":false},"in2DMode":false,"pivot":{"x":2.122401237487793,"y":5.310503959655762,"z":2.421708583831787},"rotation":{"x":-0.07214787602424622,"y":0.913093626499176,"z":-0.18491269648075105,"w":-0.3562704622745514},"size":8.673263549804688,"orthographic":false}