{"cameraMode":{"drawMode":0,"name":"Shaded","section":"Shading Mode"},"sceneLighting":false,"audioPlay":false,"sceneViewState":{"showFog":false,"showMaterialUpdate":false,"showSkybox":false,"showFlares":false,"showImageEffects":false,"showParticleSystems":false},"in2DMode":false,"pivot":{"x":-4.146512508392334,"y":0.6840439438819885,"z":0.34853866696357729},"rotation":{"x":-0.05514688044786453,"y":-0.3458002507686615,"z":0.02033822424709797,"w":-0.9365043640136719},"size":4.0287604331970219,"orthographic":false}