{"cameraMode":{"drawMode":0,"name":"Shaded","section":"Shading Mode"},"sceneLighting":true,"audioPlay":false,"sceneViewState":{"showFog":false,"showMaterialUpdate":false,"showSkybox":false,"showFlares":false,"showImageEffects":false,"showParticleSystems":false},"in2DMode":false,"pivot":{"x":2.1678810119628908,"y":-23.20471954345703,"z":-6.131354331970215},"rotation":{"x":-0.25633323192596438,"y":-0.6459313631057739,"z":0.24490201473236085,"w":-0.676086962223053},"size":34.90824508666992,"orthographic":false}