{"cameraMode":{"drawMode":0,"name":"Shaded","section":"Shading Mode"},"sceneLighting":true,"audioPlay":false,"sceneViewState":{"showFog":false,"showMaterialUpdate":false,"showSkybox":false,"showFlares":false,"showImageEffects":false,"showParticleSystems":false},"in2DMode":false,"pivot":{"x":-1.9745416641235352,"y":-40.349029541015628,"z":57.44147872924805},"rotation":{"x":-0.27276915311813357,"y":-0.06400784850120545,"z":0.018192900344729425,"w":-0.9597795605659485},"size":56.421749114990237,"orthographic":false}