{"cameraMode":{"drawMode":0,"name":"Shaded","section":"Shading Mode"},"sceneLighting":false,"audioPlay":false,"sceneViewState":{"showFog":false,"showMaterialUpdate":false,"showSkybox":false,"showFlares":false,"showImageEffects":false,"showParticleSystems":false},"in2DMode":false,"pivot":{"x":-4.774353981018066,"y":1.5988035202026368,"z":-1.5356645584106446},"rotation":{"x":0.021729815751314164,"y":-0.9781485795974731,"z":0.13916048407554627,"w":0.15326939523220063},"size":2.9703264236450197,"orthographic":false}