{"cameraMode":{"drawMode":0,"name":"Shaded","section":"Shading Mode"},"sceneLighting":true,"audioPlay":false,"sceneViewState":{"showFog":false,"showMaterialUpdate":false,"showSkybox":false,"showFlares":false,"showImageEffects":false,"showParticleSystems":false},"in2DMode":false,"pivot":{"x":-0.4422760009765625,"y":-6.261471748352051,"z":6.883758544921875},"rotation":{"x":-0.35530462861061098,"y":-0.0851007029414177,"z":0.032496340572834018,"w":-0.9303494691848755},"size":10.559249877929688,"orthographic":false}