{"cameraMode":{"drawMode":0,"name":"Shaded","section":"Shading Mode"},"sceneLighting":true,"audioPlay":false,"sceneViewState":{"showFog":false,"showMaterialUpdate":false,"showSkybox":false,"showFlares":false,"showImageEffects":false,"showParticleSystems":false},"in2DMode":false,"pivot":{"x":17.51437759399414,"y":-6.964820861816406,"z":-2.7252798080444338},"rotation":{"x":0.06914541870355606,"y":0.7946727871894836,"z":-0.5960029363632202,"w":0.0921948030591011},"size":37.050254821777347,"orthographic":false}