{"cameraMode":{"drawMode":0,"name":"Shaded","section":"Shading Mode"},"sceneLighting":false,"audioPlay":false,"sceneViewState":{"showFog":false,"showMaterialUpdate":false,"showSkybox":false,"showFlares":false,"showImageEffects":false,"showParticleSystems":false},"in2DMode":false,"pivot":{"x":5.804491996765137,"y":-7.2687087059021,"z":13.041271209716797},"rotation":{"x":-0.24586383998394013,"y":-0.2695542573928833,"z":0.07139289379119873,"w":-0.9283410906791687},"size":11.256771087646485,"orthographic":false}