{"cameraMode":{"drawMode":0,"name":"Shaded","section":"Shading Mode"},"sceneLighting":false,"audioPlay":false,"sceneViewState":{"showFog":false,"showMaterialUpdate":false,"showSkybox":false,"showFlares":false,"showImageEffects":false,"showParticleSystems":false},"in2DMode":false,"pivot":{"x":-3.9915459156036379,"y":2.103823661804199,"z":-0.04760526493191719},"rotation":{"x":0.10895831137895584,"y":-0.8785541653633118,"z":0.2406318634748459,"w":0.3980814218521118},"size":2.6703264713287355,"orthographic":false}