{"cameraMode":{"drawMode":0,"name":"Shaded","section":"Shading Mode"},"sceneLighting":false,"audioPlay":false,"sceneViewState":{"showFog":true,"showMaterialUpdate":false,"showSkybox":false,"showFlares":true,"showImageEffects":true,"showParticleSystems":true},"in2DMode":false,"pivot":{"x":-2.4219188690185549,"y":1.6958413124084473,"z":1.278559923171997},"rotation":{"x":0.07479085773229599,"y":-0.8511618971824646,"z":0.12629655003547669,"w":0.5039904117584229},"size":3.973116159439087,"orthographic":false}