{"cameraMode":{"drawMode":0,"name":"Shaded","section":"Shading Mode"},"sceneLighting":false,"audioPlay":false,"sceneViewState":{"showFog":false,"showMaterialUpdate":false,"showSkybox":false,"showFlares":false,"showImageEffects":false,"showParticleSystems":false},"in2DMode":false,"pivot":{"x":468.78717041015627,"y":159.94915771484376,"z":1421.5841064453125},"rotation":{"x":0.16001205146312715,"y":0.03731188178062439,"z":-0.00604734243825078,"w":0.9864444732666016},"size":1496.6748046875,"orthographic":false}