{"cameraMode":{"drawMode":0,"name":"Shaded","section":"Shading Mode"},"sceneLighting":false,"audioPlay":false,"sceneViewState":{"showFog":false,"showMaterialUpdate":false,"showSkybox":false,"showFlares":false,"showImageEffects":false,"showParticleSystems":false},"in2DMode":false,"pivot":{"x":2.336484909057617,"y":-15.473831176757813,"z":27.566434860229493},"rotation":{"x":-0.2536749541759491,"y":-0.11403528600931168,"z":0.03012758679687977,"w":-0.9601168036460877},"size":20.531631469726564,"orthographic":false}