{"cameraMode":{"drawMode":0,"name":"Shaded","section":"Shading Mode"},"sceneLighting":false,"audioPlay":false,"sceneViewState":{"showFog":false,"showMaterialUpdate":false,"showSkybox":false,"showFlares":false,"showImageEffects":false,"showParticleSystems":false},"in2DMode":false,"pivot":{"x":-4.3290300369262699,"y":-0.5981945991516113,"z":-0.6378309726715088},"rotation":{"x":0.09799370914697647,"y":-0.8580489754676819,"z":0.4715432822704315,"w":0.17831502854824067},"size":2.865903377532959,"orthographic":false}