{"cameraMode":{"drawMode":0,"name":"Shaded","section":"Shading Mode"},"sceneLighting":false,"audioPlay":false,"sceneViewState":{"showFog":false,"showMaterialUpdate":false,"showSkybox":false,"showFlares":false,"showImageEffects":false,"showParticleSystems":false},"in2DMode":false,"pivot":{"x":-4.234052658081055,"y":-0.6508071422576904,"z":0.3985605239868164},"rotation":{"x":0.023460572585463525,"y":0.9194290041923523,"z":-0.38861778378486636,"w":0.05550520122051239},"size":2.9994359016418459,"orthographic":false}