{"cameraMode":{"drawMode":0,"name":"Shaded","section":"Shading Mode"},"sceneLighting":true,"audioPlay":false,"sceneViewState":{"showFog":false,"showMaterialUpdate":false,"showSkybox":false,"showFlares":false,"showImageEffects":false,"showParticleSystems":false},"in2DMode":false,"pivot":{"x":-10.79493236541748,"y":-1.1079368591308594,"z":-8.09201717376709},"rotation":{"x":-0.3478604555130005,"y":0.5073704123497009,"z":-0.2344721257686615,"w":-0.7527258396148682},"size":19.35767936706543,"orthographic":false}