{"cameraMode":{"drawMode":0,"name":"Shaded","section":"Shading Mode"},"sceneLighting":false,"audioPlay":false,"sceneViewState":{"showFog":false,"showMaterialUpdate":false,"showSkybox":false,"showFlares":false,"showImageEffects":false,"showParticleSystems":false},"in2DMode":false,"pivot":{"x":-0.6636728048324585,"y":2.347929000854492,"z":3.1769514083862306},"rotation":{"x":0.13013003766536714,"y":-0.7820846438407898,"z":0.1743592619895935,"w":0.5840405821800232},"size":0.008592343889176846,"orthographic":false}