{"cameraMode":{"drawMode":0,"name":"Shaded","section":"Shading Mode"},"sceneLighting":false,"audioPlay":false,"sceneViewState":{"showFog":false,"showMaterialUpdate":false,"showSkybox":false,"showFlares":false,"showImageEffects":false,"showParticleSystems":false},"in2DMode":false,"pivot":{"x":0.6650129556655884,"y":-0.022854089736938478,"z":-0.17359399795532227},"rotation":{"x":-0.2536749541759491,"y":-0.11403528600931168,"z":0.03012758679687977,"w":-0.9601168036460877},"size":1.8635001182556153,"orthographic":false}