{"cameraMode":{"drawMode":0,"name":"Shaded","section":"Shading Mode"},"sceneLighting":true,"audioPlay":false,"sceneViewState":{"showFog":false,"showMaterialUpdate":false,"showSkybox":false,"showFlares":false,"showImageEffects":false,"showParticleSystems":false},"in2DMode":false,"pivot":{"x":-7.96478271484375,"y":-12.399560928344727,"z":-0.14274215698242188},"rotation":{"x":-0.3360247313976288,"y":-0.11379729211330414,"z":0.04090787470340729,"w":-0.9341127276420593},"size":24.55805015563965,"orthographic":false}