{"cameraMode":{"drawMode":0,"name":"Shaded","section":"Shading Mode"},"sceneLighting":false,"audioPlay":false,"sceneViewState":{"showFog":false,"showMaterialUpdate":false,"showSkybox":false,"showFlares":false,"showImageEffects":false,"showParticleSystems":false},"in2DMode":false,"pivot":{"x":-4.220742225646973,"y":0.7601925730705261,"z":-0.12166547775268555},"rotation":{"x":0.017516527324914933,"y":-0.9773468375205994,"z":0.08967757970094681,"w":0.1909022033214569},"size":2.2659034729003908,"orthographic":false}