{"cameraMode":{"drawMode":0,"name":"Shaded","section":"Shading Mode"},"sceneLighting":false,"audioPlay":false,"sceneViewState":{"showFog":false,"showMaterialUpdate":false,"showSkybox":false,"showFlares":false,"showImageEffects":false,"showParticleSystems":false},"in2DMode":false,"pivot":{"x":-0.28617221117019656,"y":0.3220665454864502,"z":0.2571296691894531},"rotation":{"x":-0.2536749541759491,"y":-0.11403528600931168,"z":0.03012758679687977,"w":-0.9601168036460877},"size":3.063499927520752,"orthographic":false}