{"cameraMode":{"drawMode":0,"name":"Shaded","section":"Shading Mode"},"sceneLighting":false,"audioPlay":false,"sceneViewState":{"showFog":false,"showMaterialUpdate":false,"showSkybox":false,"showFlares":false,"showImageEffects":false,"showParticleSystems":false},"in2DMode":false,"pivot":{"x":-4.281271934509277,"y":-0.6506145000457764,"z":0.39260244369506838},"rotation":{"x":0.023460572585463525,"y":0.9194290041923523,"z":-0.38861778378486636,"w":0.05550520122051239},"size":2.271055221557617,"orthographic":false}