{"cameraMode":{"drawMode":0,"name":"Shaded","section":"Shading Mode"},"sceneLighting":true,"audioPlay":false,"sceneViewState":{"showFog":false,"showMaterialUpdate":false,"showSkybox":false,"showFlares":false,"showImageEffects":false,"showParticleSystems":false},"in2DMode":false,"pivot":{"x":3.896453380584717,"y":-7.298048973083496,"z":-1.7092132568359376},"rotation":{"x":-0.058699797838926318,"y":0.051173292100429538,"z":-0.00304149417206645,"w":-0.9970059990882874},"size":21.026636123657228,"orthographic":false}