{"cameraMode":{"drawMode":0,"name":"Shaded","section":"Shading Mode"},"sceneLighting":false,"audioPlay":false,"sceneViewState":{"showFog":false,"showMaterialUpdate":false,"showSkybox":false,"showFlares":false,"showImageEffects":false,"showParticleSystems":false},"in2DMode":false,"pivot":{"x":0.11307667940855026,"y":1.9501930475234986,"z":2.3255691528320314},"rotation":{"x":0.1562143862247467,"y":-0.710165798664093,"z":0.16657747328281403,"w":0.6659728288650513},"size":4.730831623077393,"orthographic":false}