{"cameraMode":{"drawMode":0,"name":"Shaded","section":"Shading Mode"},"sceneLighting":false,"audioPlay":false,"sceneViewState":{"showFog":false,"showMaterialUpdate":false,"showSkybox":false,"showFlares":false,"showImageEffects":false,"showParticleSystems":false},"in2DMode":false,"pivot":{"x":-0.0000019073486328125,"y":-0.19999408721923829,"z":0.0},"rotation":{"x":-0.24586383998394013,"y":-0.2695542573928833,"z":0.07139289379119873,"w":-0.9283410906791687},"size":18.446340560913087,"orthographic":false}