{"cameraMode":{"drawMode":0,"name":"Shaded","section":"Shading Mode"},"sceneLighting":true,"audioPlay":false,"sceneViewState":{"showFog":false,"showMaterialUpdate":false,"showSkybox":false,"showFlares":false,"showImageEffects":false,"showParticleSystems":false},"in2DMode":false,"pivot":{"x":-6.6577067375183109,"y":-4.6625213623046879,"z":6.317897796630859},"rotation":{"x":-0.22193865478038789,"y":-0.012893782928586007,"z":0.002907693851739168,"w":-0.9750251173973084},"size":24.55805015563965,"orthographic":false}