{"cameraMode":{"drawMode":0,"name":"Shaded","section":"Shading Mode"},"sceneLighting":false,"audioPlay":false,"sceneViewState":{"showFog":false,"showMaterialUpdate":false,"showSkybox":false,"showFlares":false,"showImageEffects":false,"showParticleSystems":false},"in2DMode":false,"pivot":{"x":-4.2170000076293949,"y":0.5436849594116211,"z":-0.38185882568359377},"rotation":{"x":-0.07214787602424622,"y":0.913093626499176,"z":-0.18491269648075105,"w":-0.3562704622745514},"size":1.3594309091567994,"orthographic":false}