{"cameraMode":{"drawMode":0,"name":"Shaded","section":"Shading Mode"},"sceneLighting":false,"audioPlay":false,"sceneViewState":{"showFog":false,"showMaterialUpdate":false,"showSkybox":false,"showFlares":false,"showImageEffects":false,"showParticleSystems":false},"in2DMode":false,"pivot":{"x":-3.640442371368408,"y":1.3091410398483277,"z":-0.9613195061683655},"rotation":{"x":0.089251808822155,"y":-0.90194171667099,"z":0.2253534197807312,"w":0.3575713038444519},"size":3.870326280593872,"orthographic":false}