{"cameraMode":{"drawMode":0,"name":"Shaded","section":"Shading Mode"},"sceneLighting":true,"audioPlay":false,"sceneViewState":{"showFog":false,"showMaterialUpdate":false,"showSkybox":false,"showFlares":false,"showImageEffects":false,"showParticleSystems":false},"in2DMode":false,"pivot":{"x":0.8259498476982117,"y":-10.432916641235352,"z":9.622747421264649},"rotation":{"x":-0.35791531205177309,"y":-0.29585903882980349,"z":0.12067694962024689,"w":-0.8774235844612122},"size":17.780839920043947,"orthographic":false}