{"cameraMode":{"drawMode":0,"name":"Shaded","section":"Shading Mode"},"sceneLighting":false,"audioPlay":false,"sceneViewState":{"showFog":false,"showMaterialUpdate":false,"showSkybox":false,"showFlares":false,"showImageEffects":false,"showParticleSystems":false},"in2DMode":false,"pivot":{"x":1.8338700532913209,"y":-3.241152286529541,"z":1.58653724193573},"rotation":{"x":-0.36804792284965517,"y":-0.5952463746070862,"z":0.35270145535469057,"w":-0.6211726665496826},"size":4.657804489135742,"orthographic":false}